{
  "project_info": {
    "project_number": "129517985158",
    "project_id": "neurogambling-scanner",
    "storage_bucket": "neurogambling-scanner.firebasestorage.app"
  },
  "client": [
    {
      "client_info": {
        "mobilesdk_app_id": "1:129517985158:android:a567d34938309dd2a36007",
        "android_client_info": {
          "package_name": "com.mzmtech.neurogambling_scanner"
        }
      },
      "oauth_client": [],
      "api_key": [
        {
          "current_key": "AIzaSyBvpJYeTus-Ydx0QgfPiTTl5hzdc2yy9FU"
        }
      ],
      "services": {
        "appinvite_service": {
          "other_platform_oauth_client": []
        }
      }
    }
  ],
  "configuration_version": "1"
}