[
  {
    "question": "What Is Gambling Addiction?",
    "answer": "Gambling addiction, also known as compulsive gambling or gambling disorder, is the uncontrollable urge to continue gambling despite its harmful consequences. It significantly affects mental health, finances, relationships, and overall well-being."
  },
  {
    "question": "Signs Of Gambling Addiction",
    "answer": "Signs include an urge to gamble with increasing amounts of money, lying about gambling, chasing losses, neglecting responsibilities, and experiencing guilt or anxiety."
  },
  {
    "question": "How Gambling Addiction Can Affect Your Life?",
    "answer": "Gambling addiction leads to financial debt, broken relationships, anxiety, depression, and even job loss. Without support, it becomes a difficult cycle to break."
  },
  {
    "question": "Effective Treatments For Gambling Addiction",
    "answer": "Treatments include therapy, support groups, and self-help strategies. Cognitive Behavioral Therapy (CBT) helps identify triggers and develop coping mechanisms."
  },
  {
    "question": "Examples Of Treatment Using CBT",
    "answer": "CBT helps by identifying triggers, restructuring gambling-related thoughts, and developing alternative coping strategies like exercise or meditation."
  },
  {
    "question": "Approaching A Loved One",
    "answer": "Approaching a loved one about their gambling addiction requires honesty, courage, and understanding. Offer support and encourage professional help."
  },
  {
    "question": "Statistics Regarding Gambling",
    "answer": "Around 1-3% of the world's population struggles with gambling addiction. Adolescents are 2-3 times more likely to develop gambling issues than adults."
  },
  {
    "question": "Summary",
    "answer": "Recovery from gambling addiction is possible with the right mindset and support system. Professional counseling and self-help tools are highly effective."
  }
]
